create database audioavenue;
use audioavenue;

CREATE TABLE branch (
    branch_id CHAR(3) PRIMARY KEY,
    branch_name VARCHAR(20) NOT NULL,
    rentalFee DECIMAL(8 , 2 ) NOT NULL,
    address VARCHAR(100) NOT NULL
);
INSERT INTO branch VALUES 
  ('101', 'Setiawangsa', 5000, 'Lot 16794 & 16795, Jalan 37/56, Setiawangsa, 54200 Kuala Lumpur'),
  ('102', 'Kuchai Lama', 6000, '1/116B, off, Jalan Kuchai Lama, Kuchai Entrepreneurs Park, 58200 Kuala Lumpur'),
  ('103', 'MITC', 7000, 'Lot 15702, Mukim Bukit Katil, Daerah Melaka Tengah, Hang Tuah Jaya, 75450, Malacca'),
  ('104', 'Senawang', 5600, 'Lot 2726, Jalan Taman Komersil, 242, Taman Komersil Senawang, 70450 Senawang, Negeri Sembilan'),
  ('105', 'Temerloh', 6700, 'Sebahagian Lot 1304, Sek. 05 (GM 7677), Mukim Perak, 28000, Temerloh, Pahang'),
  ('106', 'Kuantan', 3900, 'Sebahagian Lot 57 & Sebahagian Lot 5, Jalan Tanah Putih, 25000 Kuantan, Pahang'),
  ('107', 'Ampang', 4000, 'Lot G08, Ground Floor, Ampang Point Shopping Centre, Jln Memanda 3, 68000 Ampang Jaya, Selangor'),
  ('108', 'Puchong Permai', 4000, 'Lot 32426 Jalan Puchong Permai 2 Taman Puchong Permai Puchong, 47100 Selangor'),
  ('109', 'Batu Caves', 5400, 'Lot 52613, Taman Samudra, 53000 Batu Caves, Selangor'),
  ('110', 'Kluang', 2300, '265 & 343, GM. 3095 dan GM. 3096, Jalan Kluang-Air Hitam, 86000 Kluang, Johor');

CREATE TABLE staff (
    staff_id CHAR(4) PRIMARY KEY,
    staff_name VARCHAR(50) NOT NULL,
    salary DECIMAL(8 , 2 ) NOT NULL,
    DOB DATE NOT NULL,
    job_position VARCHAR(30) NOT NULL,
    telNo VARCHAR(15) NOT NULL,
    branch_id CHAR(5),
    CONSTRAINT STAFF_BRANCH_FK FOREIGN KEY (branch_id)
        REFERENCES branch (branch_id)
);
INSERT INTO staff VALUES 
	('1001', 'Aiman', 1500, '2000-01-07', 'Cashier', '017-7347822', '101'),
    ('1002', 'Alia', 2000, '2001-02-27', 'Sales Assistant', '017-7347382', '101'),
    ('1003', 'Haziq', 1500, '2000-01-07', 'Cashier', '017-7347822', '102'),
    ('1004', 'Hakim', 2000, '1999-08-19', 'Sales Assistant', '017-7347382', '102'),
    ('1005', 'Rex', 1500, '2000-01-07', 'Cashier', '017-7347822', '103'),
    ('1006', 'Vishnu', 2000, '1998-10-12', 'Sales Assistant', '017-7347382', '103'),
    ('1007', 'Sean', 1500, '2000-01-07', 'Cashier', '017-7347822', '104'),
    ('1008', 'Alex', 2000, '1987-11-28', 'Sales Assistant', '017-7347382', '104'),
    ('1009', 'Ken', 1500, '2000-01-07', 'Cashier', '017-7347822', '105'),
    ('1010', 'Ali', 2000, '1988-12-22', 'Sales Assistant', '017-7347382', '105'),
    ('1011', 'Nisa', 1500, '2000-01-07', 'Cashier', '017-7347822', '106'),
    ('1012', 'Siva', 2000, '2001-09-11', 'Sales Assistant', '017-7347382', '106'),
    ('1013', 'Hanif', 1500, '2000-01-07', 'Cashier', '017-7347822', '107'),
    ('1014', 'Wei Ling', 2000, '1989-07-15', 'Sales Assistant', '017-7347382', '107'),
    ('1015', 'Aiman', 1500, '2000-01-07', 'Cashier', '017-7347822', '108'),
    ('1016', 'Jia Xi', 2000, '1978-06-19', 'Sales Assistant', '017-7347382', '108'),
    ('1017', 'Lina', 1500, '2000-01-07', 'Cashier', '017-7347822', '109'),
    ('1018', 'Muthu', 2000, '1989-04-11', 'Sales Assistant', '017-7347382', '109'),
    ('1019', 'Sydeney', 1500, '2000-01-07', 'Cashier', '017-7347822', '110'),
    ('1020', 'Qiwie', 2000, '1999-03-20', 'Sales Assistant', '017-7347382', '110');
    
CREATE TABLE productLine (
    productLine_id CHAR(3) PRIMARY KEY,
    productLine_name VARCHAR(30) NOT NULL,
    productLine_desc VARCHAR(100) NOT NULL
);
INSERT INTO PRODUCTLINE VALUES
	('301', 'Air-conduction headphones', 'Sending sound waves through the air and into the ear.'),
	('302', 'Bone-conduction headphones', "transmit sound waves through the bones in a user's skull instead of their ear canal."),
	('303', 'Earphones', "A pair of small loudspeaker drivers worn on or around the head over a user's ears"),
	('304', 'Earbuds', 'A pair of tiny speakers that you wear inside your ears.'),
	('305', 'Headsets', 'A set of headphones, typically with a microphone attached.'),
	('306', 'Headphones', 'A pair of earphones joined by a band placed over the head.');
CREATE TABLE brand (
    brand_id CHAR(3) PRIMARY KEY,
    brand_name VARCHAR(10) NOT NULL,
    brand_desc VARCHAR(400) NOT NULL,
    rating DECIMAL(3 , 2 ) NOT NULL
);
INSERT INTO BRAND VALUES
	('201', 'Sony', 'Help cut down ambient sound during your commute or sports-oriented earbuds with great stability', 4.80),
    ('202', 'Samsung', 'Adaptive noise cancelling system that blocks out much ambient noise from commutes and loud offices.', 4.50),
	('203', 'AfterShokz', 'Comfortable enough for long listening sessions and last over 37 hours continuously.', 4.90),
    ('204', 'Bose', 'Powerful noise cancelling technology and first commercial acoustic noise cancelling headset for pilots.', 3.75),
    ('205', 'Apple', 'More bass than the original Pro and a balanced mix that is versatile enough for most genres of music', 5.00);
CREATE TABLE product (
    product_id CHAR(4) PRIMARY KEY,
    product_name VARCHAR(30) NOT NULL,
    price DECIMAL(8 , 2 ) NOT NULL,
    cost DECIMAL(8 , 2 ) NOT NULL,
    brand_id CHAR(3),
    productLine_id CHAR(3),
    CONSTRAINT PRODUCT_BRAND_FK FOREIGN KEY (brand_id)
        REFERENCES brand (brand_id),
    CONSTRAINT PRODUCT_PRODUCTLINE_FK FOREIGN KEY (productLine_id)
        REFERENCES productLine (productLine_id)
);
INSERT INTO product VALUES 
	('1101', 'SonicWave ProX', 29, 19, 		'201','304'),
    ('1102', 'AeroBeats Blast',	19, 10,		'202','305'),
    ('1103', 'UltraBass Master', 12, 5, 	'201','301'),
    ('1104', 'SoundWave Supreme', 	12, 10,	'202','306'),
    ('1105', 'MegaTune Pro', 28, 19,		'202','301'),
    ('1106', 'BassBoost Elite', 	 4, 1,	'203','301'),
    ('1107', 'SoundSurge Pro', 	 48, 35,	'205','304'),
    ('1108', 'PowerBeats Pro+', 	 49, 29,'201','303'),
    ('1109', 'AeroTune ProX', 	29, 19,		'205','303'),
    ('1110', 'SuperBass Boost',  99, 78,	'205','306'),
    ('1111', 'SoundWave Fusion',	88, 29,	'205','303'),
    ('1112', 'AeroBeats Ultra', 89, 20,		'201','306'),
    ('1113', 'MegaBass Master',  40, 20,	'205','303'),
    ('1114', 'UltraTune Pro', 	 22, 10,	'201','301'),
    ('1115', 'UltraTune', 		23, 14,		'201','302'),
    ('1116', 'SonicSurge Pro+',  26, 19,	'202','304'),
    ('1117', 'AeroWave ProX', 	 49, 20,	'203','304'),
    ('1118', 'SoundBeats Blast', 48, 28,	'201','304'),
    ('1119', 'PowerTune Pro+', 	40, 20,		'203','306'),
    ('1120', 'AeroBass Boost', 	28, 10,		'201','306'),
    ('1121', 'UltraWave Elite', 60, 20,		'203','306'),
    ('1122', 'SoundBlast Pro', 	50, 10,		'205','301'),
    ('1123', 'MegaSurge Pro', 	40, 22,		'203','302'),
    ('1124', 'PowerWave ProX', 	 40, 34,	'202','302'),
    ('1125', 'AeroBass Pro', 	30, 10,		'203','302'),
    ('1126', 'SonicTune Elite', 39, 19,		'202','303'),
    ('1127', 'UltraBlast Pro', 	28, 20,		'204','301'),
    ('1128', 'SoundTune Master', 90, 20,	'201','301'),
    ('1129', 'AeroWave Elite', 	172, 100,	'204','306'),
    ('1130', 'MegaBeats Pro', 	172, 100,	'201','303'),
    ('1131', 'PowerBlast Pro+',  199, 89,	'203','302'),
    ('1132', 'SonicBass Boost',  111, 88,	'201','302'),
    ('1133', 'UltraSurge Pro', 	 30, 10,	'203','304'),
    ('1134', 'AeroSurge ProX', 	 49, 29,	'204','302'),
    ('1135', 'SoundBass Blast',  29, 19,	'203','306'),
    ('1136', 'MegaWave Elite', 	 182, 87,	'204','305'),
    ('1137', 'AeroTune Elite', 	10, 4,		'204','305'),
    ('1138', 'PowerBeats Blast', 21, 17,	'203','305'),
    ('1139', 'UltraBeats Pro', 	26, 12,		'203','305'),
    ('1140', 'SonicBlast Pro', 	 62, 27,	'204','305'),
    ('1141', 'SoundSurge Elite', 83, 37,	'204','305'),
    ('1142', 'MegaTune Pro+', 	 45, 12,	'204','305'),
    ('1143', 'AeroBlast ProX', 	 23, 13,	'203','304'),
    ('1144', 'UltraTune Elite',  23, 13,	'201','304'),
    ('1145', 'PowerWave Blast',  237, 192,	'205','304'),
    ('1146', 'SoundBass Pro', 	 24, 12,	'205','306'),
    ('1147', 'AeroSurge Elite',  110, 70,	'203','303'),
    ('1148', 'SonicWave Blast',  40, 30,	'201','303'),
    ('1149', 'MegaSurge Pro+', 	 23, 10,	'204','303'),
    ('1150', 'UltraBass Pro', 	70, 30,		'203','301');

CREATE TABLE time (
    time_id INT PRIMARY KEY,
    date DATE DEFAULT NULL,
    day SMALLINT DEFAULT NULL,
    month SMALLINT DEFAULT NULL,
    year SMALLINT DEFAULT NULL
);
INSERT INTO time VALUES
	(1, '2020-01-01', 1, 1, 2020),
	(2, '2020-01-02', 2, 1, 2020),
	(3, '2020-01-03', 3, 1, 2020),
	(4, '2020-01-04', 4, 1, 2020),
	(5, '2020-01-05', 5, 1, 2020),
	(6, '2020-01-06', 6, 1, 2020),
	(7, '2020-01-07', 7, 1, 2020),
	(8, '2020-01-08', 8, 1, 2020),
	(9, '2020-01-09', 9, 1, 2020),
	(10, '2020-01-10', 10, 1, 2020),
	(11, '2020-01-11', 11, 1, 2020),
	(12, '2020-01-12', 12, 1, 2020),
	(13, '2020-01-13', 13, 1, 2020),
	(14, '2020-01-14', 14, 1, 2020),
	(15, '2020-01-15', 15, 1, 2020),
	(16, '2020-01-16', 16, 1, 2020),
	(17, '2020-01-17', 17, 1, 2020),
	(18, '2020-01-18', 18, 1, 2020),
	(19, '2020-01-19', 19, 1, 2020),
	(20, '2020-01-20', 20, 1, 2020),
	(21, '2020-01-21', 21, 1, 2020),
	(22, '2020-01-22', 22, 1, 2020),
	(23, '2020-01-23', 23, 1, 2020),
	(24, '2020-01-24', 24, 1, 2020),
	(25, '2020-01-25', 25, 1, 2020),
	(26, '2020-01-26', 26, 1, 2020),
	(27, '2020-01-27', 27, 1, 2020),
	(28, '2020-01-28', 28, 1, 2020),
	(29, '2020-01-29', 29, 1, 2020),
	(30, '2020-01-30', 30, 1, 2020),
	(31, '2020-01-31', 31, 1, 2020),
	(32, '2020-02-01', 1, 2, 2020),
	(33, '2020-02-02', 2, 2, 2020),
	(34, '2020-02-03', 3, 2, 2020),
	(35, '2020-02-04', 4, 2, 2020),
	(36, '2020-02-05', 5, 2, 2020),
	(37, '2020-02-06', 6, 2, 2020),
	(38, '2020-02-07', 7, 2, 2020),
	(39, '2020-02-08', 8, 2, 2020),
	(40, '2020-02-09', 9, 2, 2020),
	(41, '2020-02-10', 10, 2, 2020),
	(42, '2020-02-11', 11, 2, 2020),
	(43, '2020-02-12', 12, 2, 2020),
	(44, '2020-02-13', 13, 2, 2020),
	(45, '2020-02-14', 14, 2, 2020),
	(46, '2020-02-15', 15, 2, 2020),
	(47, '2020-02-16', 16, 2, 2020),
	(48, '2020-02-17', 17, 2, 2020),
	(49, '2020-02-18', 18, 2, 2020),
	(50, '2020-02-19', 19, 2, 2020),
	(51, '2020-02-20', 20, 2, 2020),
	(52, '2020-02-21', 21, 2, 2020),
	(53, '2020-02-22', 22, 2, 2020),
	(54, '2020-02-23', 23, 2, 2020),
	(55, '2020-02-24', 24, 2, 2020),
	(56, '2020-02-25', 25, 2, 2020),
	(57, '2020-02-26', 26, 2, 2020),
	(58, '2020-02-27', 27, 2, 2020),
	(59, '2020-02-28', 28, 2, 2020),
	(60, '2020-03-01', 1, 3, 2020),
	(61, '2020-03-02', 2, 3, 2020),
	(62, '2020-03-03', 3, 3, 2020),
	(63, '2020-03-04', 4, 3, 2020),
	(64, '2020-03-05', 5, 3, 2020),
	(65, '2020-03-06', 6, 3, 2020),
	(66, '2020-03-07', 7, 3, 2020),
	(67, '2020-03-08', 8, 3, 2020),
	(68, '2020-03-09', 9, 3, 2020),
	(69, '2020-03-10', 10, 3, 2020),
	(70, '2020-03-11', 11, 3, 2020),
	(71, '2020-03-12', 12, 3, 2020),
	(72, '2020-03-13', 13, 3, 2020),
	(73, '2020-03-14', 14, 3, 2020),
	(74, '2020-03-15', 15, 3, 2020),
	(75, '2020-03-16', 16, 3, 2020),
	(76, '2020-03-17', 17, 3, 2020),
	(77, '2020-03-18', 18, 3, 2020),
	(78, '2020-03-19', 19, 3, 2020),
	(79, '2020-03-20', 20, 3, 2020),
	(80, '2020-03-21', 21, 3, 2020),
	(81, '2020-03-22', 22, 3, 2020),
	(82, '2020-03-23', 23, 3, 2020),
	(83, '2020-03-24', 24, 3, 2020),
	(84, '2020-03-25', 25, 3, 2020),
	(85, '2020-03-26', 26, 3, 2020),
	(86, '2020-03-27', 27, 3, 2020),
	(87, '2020-03-28', 28, 3, 2020),
	(88, '2020-03-29', 29, 3, 2020),
	(89, '2020-03-30', 30, 3, 2020),
	(90, '2020-03-31', 31, 3, 2020),
	(91, '2020-04-01', 1, 4, 2020),
	(92, '2020-04-02', 2, 4, 2020),
	(93, '2020-04-03', 3, 4, 2020),
	(94, '2020-04-04', 4, 4, 2020),
	(95, '2020-04-05', 5, 4, 2020),
	(96, '2020-04-06', 6, 4, 2020),
	(97, '2020-04-07', 7, 4, 2020),
	(98, '2020-04-08', 8, 4, 2020),
	(99, '2020-04-09', 9, 4, 2020),
	(100, '2020-04-10', 10, 4, 2020),
	(101, '2020-04-11', 11, 4, 2020),
	(102, '2020-04-12', 12, 4, 2020),
	(103, '2020-04-13', 13, 4, 2020),
	(104, '2020-04-14', 14, 4, 2020),
	(105, '2020-04-15', 15, 4, 2020),
	(106, '2020-04-16', 16, 4, 2020),
	(107, '2020-04-17', 17, 4, 2020),
	(108, '2020-04-18', 18, 4, 2020),
	(109, '2020-04-19', 19, 4, 2020),
	(110, '2020-04-20', 20, 4, 2020),
	(111, '2020-04-21', 21, 4, 2020),
	(112, '2020-04-22', 22, 4, 2020),
	(113, '2020-04-23', 23, 4, 2020),
	(114, '2020-04-24', 24, 4, 2020),
	(115, '2020-04-25', 25, 4, 2020),
	(116, '2020-04-26', 26, 4, 2020),
	(117, '2020-04-27', 27, 4, 2020),
	(118, '2020-04-28', 28, 4, 2020),
	(119, '2020-04-29', 29, 4, 2020),
	(120, '2020-04-30', 30, 4, 2020),
	(121, '2020-05-01', 1, 5, 2020),
	(122, '2020-05-02', 2, 5, 2020),
	(123, '2020-05-03', 3, 5, 2020),
	(124, '2020-05-04', 4, 5, 2020),
	(125, '2020-05-05', 5, 5, 2020),
	(126, '2020-05-06', 6, 5, 2020),
	(127, '2020-05-07', 7, 5, 2020),
	(128, '2020-05-08', 8, 5, 2020),
	(129, '2020-05-09', 9, 5, 2020),
	(130, '2020-05-10', 10, 5, 2020),
	(131, '2020-05-11', 11, 5, 2020),
	(132, '2020-05-12', 12, 5, 2020),
	(133, '2020-05-13', 13, 5, 2020),
	(134, '2020-05-14', 14, 5, 2020),
	(135, '2020-05-15', 15, 5, 2020),
	(136, '2020-05-16', 16, 5, 2020),
	(137, '2020-05-17', 17, 5, 2020),
	(138, '2020-05-18', 18, 5, 2020),
	(139, '2020-05-19', 19, 5, 2020),
	(140, '2020-05-20', 20, 5, 2020),
	(141, '2020-05-21', 21, 5, 2020),
	(142, '2020-05-22', 22, 5, 2020),
	(143, '2020-05-23', 23, 5, 2020),
	(144, '2020-05-24', 24, 5, 2020),
	(145, '2020-05-25', 25, 5, 2020),
	(146, '2020-05-26', 26, 5, 2020),
	(147, '2020-05-27', 27, 5, 2020),
	(148, '2020-05-28', 28, 5, 2020),
	(149, '2020-05-29', 29, 5, 2020),
	(150, '2020-05-30', 30, 5, 2020),
	(151, '2020-05-31', 31, 5, 2020),
	(152, '2020-06-01', 1, 6, 2020),
	(153, '2020-06-02', 2, 6, 2020),
	(154, '2020-06-03', 3, 6, 2020),
	(155, '2020-06-04', 4, 6, 2020),
	(156, '2020-06-05', 5, 6, 2020),
	(157, '2020-06-06', 6, 6, 2020),
	(158, '2020-06-07', 7, 6, 2020),
	(159, '2020-06-08', 8, 6, 2020),
	(160, '2020-06-09', 9, 6, 2020),
	(161, '2020-06-10', 10, 6, 2020),
	(162, '2020-06-11', 11, 6, 2020),
	(163, '2020-06-12', 12, 6, 2020),
	(164, '2020-06-13', 13, 6, 2020),
	(165, '2020-06-14', 14, 6, 2020),
	(166, '2020-06-15', 15, 6, 2020),
	(167, '2020-06-16', 16, 6, 2020),
	(168, '2020-06-17', 17, 6, 2020),
	(169, '2020-06-18', 18, 6, 2020),
	(170, '2020-06-19', 19, 6, 2020),
	(171, '2020-06-20', 20, 6, 2020),
	(172, '2020-06-21', 21, 6, 2020),
	(173, '2020-06-22', 22, 6, 2020),
	(174, '2020-06-23', 23, 6, 2020),
	(175, '2020-06-24', 24, 6, 2020),
	(176, '2020-06-25', 25, 6, 2020),
	(177, '2020-06-26', 26, 6, 2020),
	(178, '2020-06-27', 27, 6, 2020),
	(179, '2020-06-28', 28, 6, 2020),
	(180, '2020-06-29', 29, 6, 2020),
	(181, '2020-06-30', 30, 6, 2020),
	(182, '2020-07-01', 1, 7, 2020),
	(183, '2020-07-02', 2, 7, 2020),
	(184, '2020-07-03', 3, 7, 2020),
	(185, '2020-07-04', 4, 7, 2020),
	(186, '2020-07-05', 5, 7, 2020),
	(187, '2020-07-06', 6, 7, 2020),
	(188, '2020-07-07', 7, 7, 2020),
	(189, '2020-07-08', 8, 7, 2020),
	(190, '2020-07-09', 9, 7, 2020),
	(191, '2020-07-10', 10, 7, 2020),
	(192, '2020-07-11', 11, 7, 2020),
	(193, '2020-07-12', 12, 7, 2020),
	(194, '2020-07-13', 13, 7, 2020),
	(195, '2020-07-14', 14, 7, 2020),
	(196, '2020-07-15', 15, 7, 2020),
	(197, '2020-07-16', 16, 7, 2020),
	(198, '2020-07-17', 17, 7, 2020),
	(199, '2020-07-18', 18, 7, 2020),
	(200, '2020-07-19', 19, 7, 2020),
	(201, '2020-07-20', 20, 7, 2020),
	(202, '2020-07-21', 21, 7, 2020),
	(203, '2020-07-22', 22, 7, 2020),
	(204, '2020-07-23', 23, 7, 2020),
	(205, '2020-07-24', 24, 7, 2020),
	(206, '2020-07-25', 25, 7, 2020),
	(207, '2020-07-26', 26, 7, 2020),
	(208, '2020-07-27', 27, 7, 2020),
	(209, '2020-07-28', 28, 7, 2020),
	(210, '2020-07-29', 29, 7, 2020),
	(211, '2020-07-30', 30, 7, 2020),
	(212, '2020-07-31', 31, 7, 2020),
	(213, '2020-08-01', 1, 8, 2020),
	(214, '2020-08-02', 2, 8, 2020),
	(215, '2020-08-03', 3, 8, 2020),
	(216, '2020-08-04', 4, 8, 2020),
	(217, '2020-08-05', 5, 8, 2020),
	(218, '2020-08-06', 6, 8, 2020),
	(219, '2020-08-07', 7, 8, 2020),
	(220, '2020-08-08', 8, 8, 2020),
	(221, '2020-08-09', 9, 8, 2020),
	(222, '2020-08-10', 10, 8, 2020),
	(223, '2020-08-11', 11, 8, 2020),
	(224, '2020-08-12', 12, 8, 2020),
	(225, '2020-08-13', 13, 8, 2020),
	(226, '2020-08-14', 14, 8, 2020),
	(227, '2020-08-15', 15, 8, 2020),
	(228, '2020-08-16', 16, 8, 2020),
	(229, '2020-08-17', 17, 8, 2020),
	(230, '2020-08-18', 18, 8, 2020),
	(231, '2020-08-19', 19, 8, 2020),
	(232, '2020-08-20', 20, 8, 2020),
	(233, '2020-08-21', 21, 8, 2020),
	(234, '2020-08-22', 22, 8, 2020),
	(235, '2020-08-23', 23, 8, 2020),
	(236, '2020-08-24', 24, 8, 2020),
	(237, '2020-08-25', 25, 8, 2020),
	(238, '2020-08-26', 26, 8, 2020),
	(239, '2020-08-27', 27, 8, 2020),
	(240, '2020-08-28', 28, 8, 2020),
	(241, '2020-08-29', 29, 8, 2020),
	(242, '2020-08-30', 30, 8, 2020),
	(243, '2020-08-31', 31, 8, 2020),
	(244, '2020-09-01', 1, 9, 2020),
	(245, '2020-09-02', 2, 9, 2020),
	(246, '2020-09-03', 3, 9, 2020),
	(247, '2020-09-04', 4, 9, 2020),
	(248, '2020-09-05', 5, 9, 2020),
	(249, '2020-09-06', 6, 9, 2020),
	(250, '2020-09-07', 7, 9, 2020),
	(251, '2020-09-08', 8, 9, 2020),
	(252, '2020-09-09', 9, 9, 2020),
	(253, '2020-09-10', 10, 9, 2020),
	(254, '2020-09-11', 11, 9, 2020),
	(255, '2020-09-12', 12, 9, 2020),
	(256, '2020-09-13', 13, 9, 2020),
	(257, '2020-09-14', 14, 9, 2020),
	(258, '2020-09-15', 15, 9, 2020),
	(259, '2020-09-16', 16, 9, 2020),
	(260, '2020-09-17', 17, 9, 2020),
	(261, '2020-09-18', 18, 9, 2020),
	(262, '2020-09-19', 19, 9, 2020),
	(263, '2020-09-20', 20, 9, 2020),
	(264, '2020-09-21', 21, 9, 2020),
	(265, '2020-09-22', 22, 9, 2020),
	(266, '2020-09-23', 23, 9, 2020),
	(267, '2020-09-24', 24, 9, 2020),
	(268, '2020-09-25', 25, 9, 2020),
	(269, '2020-09-26', 26, 9, 2020),
	(270, '2020-09-27', 27, 9, 2020),
	(271, '2020-09-28', 28, 9, 2020),
	(272, '2020-09-29', 29, 9, 2020),
	(273, '2020-09-30', 30, 9, 2020),
	(274, '2020-10-01', 1, 10, 2020),
	(275, '2020-10-02', 2, 10, 2020),
	(276, '2020-10-03', 3, 10, 2020),
	(277, '2020-10-04', 4, 10, 2020),
	(278, '2020-10-05', 5, 10, 2020),
	(279, '2020-10-06', 6, 10, 2020),
	(280, '2020-10-07', 7, 10, 2020),
	(281, '2020-10-08', 8, 10, 2020),
	(282, '2020-10-09', 9, 10, 2020),
	(283, '2020-10-10', 10, 10, 2020),
	(284, '2020-10-11', 11, 10, 2020),
	(285, '2020-10-12', 12, 10, 2020),
	(286, '2020-10-13', 13, 10, 2020),
	(287, '2020-10-14', 14, 10, 2020),
	(288, '2020-10-15', 15, 10, 2020),
	(289, '2020-10-16', 16, 10, 2020),
	(290, '2020-10-17', 17, 10, 2020),
	(291, '2020-10-18', 18, 10, 2020),
	(292, '2020-10-19', 19, 10, 2020),
	(293, '2020-10-20', 20, 10, 2020),
	(294, '2020-10-21', 21, 10, 2020),
	(295, '2020-10-22', 22, 10, 2020),
	(296, '2020-10-23', 23, 10, 2020),
	(297, '2020-10-24', 24, 10, 2020),
	(298, '2020-10-25', 25, 10, 2020),
	(299, '2020-10-26', 26, 10, 2020),
	(300, '2020-10-27', 27, 10, 2020),
	(301, '2020-10-28', 28, 10, 2020),
	(302, '2020-10-29', 29, 10, 2020),
	(303, '2020-10-30', 30, 10, 2020),
	(304, '2020-10-31', 31, 10, 2020),
	(305, '2020-11-01', 1, 11, 2020),
	(306, '2020-11-02', 2, 11, 2020),
	(307, '2020-11-03', 3, 11, 2020),
	(308, '2020-11-04', 4, 11, 2020),
	(309, '2020-11-05', 5, 11, 2020),
	(310, '2020-11-06', 6, 11, 2020),
	(311, '2020-11-07', 7, 11, 2020),
	(312, '2020-11-08', 8, 11, 2020),
	(313, '2020-11-09', 9, 11, 2020),
	(314, '2020-11-10', 10, 11, 2020),
	(315, '2020-11-11', 11, 11, 2020),
	(316, '2020-11-12', 12, 11, 2020),
	(317, '2020-11-13', 13, 11, 2020),
	(318, '2020-11-14', 14, 11, 2020),
	(319, '2020-11-15', 15, 11, 2020),
	(320, '2020-11-16', 16, 11, 2020),
	(321, '2020-11-17', 17, 11, 2020),
	(322, '2020-11-18', 18, 11, 2020),
	(323, '2020-11-19', 19, 11, 2020),
	(324, '2020-11-20', 20, 11, 2020),
	(325, '2020-11-21', 21, 11, 2020),
	(326, '2020-11-22', 22, 11, 2020),
	(327, '2020-11-23', 23, 11, 2020),
	(328, '2020-11-24', 24, 11, 2020),
	(329, '2020-11-25', 25, 11, 2020),
	(330, '2020-11-26', 26, 11, 2020),
	(331, '2020-11-27', 27, 11, 2020),
	(332, '2020-11-28', 28, 11, 2020),
	(333, '2020-11-29', 29, 11, 2020),
	(334, '2020-11-30', 30, 11, 2020),
	(335, '2020-12-01', 1, 12, 2020),
	(336, '2020-12-02', 2, 12, 2020),
	(337, '2020-12-03', 3, 12, 2020),
	(338, '2020-12-04', 4, 12, 2020),
	(339, '2020-12-05', 5, 12, 2020),
	(340, '2020-12-06', 6, 12, 2020),
	(341, '2020-12-07', 7, 12, 2020),
	(342, '2020-12-08', 8, 12, 2020),
	(343, '2020-12-09', 9, 12, 2020),
	(344, '2020-12-10', 10, 12, 2020),
	(345, '2020-12-11', 11, 12, 2020),
	(346, '2020-12-12', 12, 12, 2020),
	(347, '2020-12-13', 13, 12, 2020),
	(348, '2020-12-14', 14, 12, 2020),
	(349, '2020-12-15', 15, 12, 2020),
	(350, '2020-12-16', 16, 12, 2020),
	(351, '2020-12-17', 17, 12, 2020),
	(352, '2020-12-18', 18, 12, 2020),
	(353, '2020-12-19', 19, 12, 2020),
	(354, '2020-12-20', 20, 12, 2020),
	(355, '2020-12-21', 21, 12, 2020),
	(356, '2020-12-22', 22, 12, 2020),
	(357, '2020-12-23', 23, 12, 2020),
	(358, '2020-12-24', 24, 12, 2020),
	(359, '2020-12-25', 25, 12, 2020),
	(360, '2020-12-26', 26, 12, 2020),
	(361, '2020-12-27', 27, 12, 2020),
	(362, '2020-12-28', 28, 12, 2020),
	(363, '2020-12-29', 29, 12, 2020),
	(364, '2020-12-30', 30, 12, 2020),
	(365, '2020-12-31', 31, 12, 2020);

CREATE TABLE sale (
    sale_id INT PRIMARY KEY,
    paymentAmount DECIMAL(8 , 2 ) NOT NULL,
    staff_id CHAR(4),
    time_id INTEGER,
    CONSTRAINT SALE_STAFF_FK FOREIGN KEY (staff_id)
        REFERENCES staff (staff_id),
    CONSTRAINT SALE_TIME_FK FOREIGN KEY (time_id)
        REFERENCES time (time_id)
);
INSERT INTO SALE VALUES
	(1, 1200, '1002', 1),
	(2, 1000, '1002', 2),
	(3, 120, '1002', 3),
	(4, 100, '1002', 4),
	(5, 200, '1002', 5),
	(6, 1300, '1002', 6),
	(7, 400, '1002', 7),
	(8, 500, '1002', 10),
	(9, 600, '1002', 15),
	(10, 700, '1002', 100),
	(11, 800, '1004', 250),
	(12, 900, '1004', 30),
	(13, 1000, '1004', 60),
	(14, 100, '1004', 120),
	(15, 100, '1004', 365),
	(16, 1300, '1004', 45),
	(17, 1400, '1004', 90),
	(18, 1500, '1004', 200),
	(19, 1600, '1004', 300),
	(20, 1700, '1006', 20),
	(21, 1800, '1006', 180),
	(22, 1900, '1006', 55),
	(23, 2000, '1006', 150),
	(24, 2100, '1006', 70),
	(25, 2200, '1006', 110),
	(26, 2300, '1006', 25),
	(27, 2400, '1006', 70),
	(28, 2500, '1008', 150),
	(29, 2600, '1008', 365),
	(30, 2700, '1008', 40),
	(31, 2800, '1008', 90),
	(32, 2900, '1008', 180),
	(33, 3000, '1008', 300),
	(34, 3100, '1008', 15),
	(35, 320, '1008', 200),
	(36, 330, '1010', 50),
	(37, 340, '1010', 80),
	(38, 350, '1010', 175),
	(39, 360, '1010', 250),
	(40, 370, '1010', 60),
	(41, 380, '1010', 120),
	(42, 390, '1012', 200),
	(43, 400, '1012', 365),
	(44, 410, '1012', 5),
	(45, 420, '1012', 30),
	(46, 430, '1012', 100),
	(47, 440, '1014', 250),
	(48, 450, '1014', 20),
	(49, 460, '1014', 50),
	(50, 470, '1014', 100),
	(51, 480, '1016', 365),
	(52, 490, '1016', 40),
	(53, 500, '1016', 70),
	(54, 510, '1016', 150),
	(55, 520, '1018', 200),
	(56, 53, '1018', 300),
	(57, 540, '1018', 365),
	(58, 5500, '1020', 45),
	(59, 560, '1020', 90),
	(60, 570, '1020', 180),
	(61, 580, '1020', 365),
	(62, 590, '1020', 25),
	(63, 600, '1020', 60),
	(64, 6100,'1020', 120),
	(65, 6200, '1020', 200),
	(66, 6300, '1020', 30),
	(67, 64, '1020', 75),
	(68, 650, '1020', 150),
	(69, 66, '1020', 250),
	(70, 67, '1020', 40),
	(71, 680, '1020', 70),
	(72, 69, '1020', 100),
	(73, 70, '1004', 180),
	(74, 7100, '1004', 250),
	(75, 72, '1004', 365),
	(76, 730, '1004', 60),
	(77, 740, '1004', 120),
	(78, 750, '1006', 200),
	(79, 760, '1006', 365),
	(80, 770, '1006', 10),
	(81, 7800, '1006', 30),
	(82, 79, '1006', 100),
	(83, 80, '1014', 250),
	(84, 810, '1014', 30),
	(85, 8200, '1014', 60),
	(86, 830, '1014', 120),
	(87, 840, '1014', 365),
	(88, 850, '1002', 50),
	(89, 860, '1002', 80),
	(90, 87, '1010', 150),
	(91, 880, '1002', 200),
	(92, 890, '1010', 300),
	(93, 90, '1010', 365),
	(94, 910, '1002', 45),
	(95, 920, '1010', 90),
	(96, 93, '1002', 180),
	(97, 940, '1014', 365),
	(98, 950, '1014', 25),
	(99, 960, '1014', 60),
	(100, 900, '1014', 120),
	(101, 900, '1001', 200),
	(102, 900, '1001', 30),
	(103, 1000, '1001', 75),
	(104, 1000, '1001', 150),
	(105, 1200, '1001', 250),
	(106, 1300, '1001', 40),
	(107, 1400, '1001', 70),
	(108, 1500, '1001', 100),
	(109, 1000, '1001', 180),
	(110, 100, '1003', 250),
	(111, 100, '1003', 365),
	(112, 1900, '1003', 60),
	(113, 1100, '1003', 120),
	(114, 1100, '1003', 200),
	(115, 1100, '1003', 365),
	(116, 110, '1003', 10),
	(117, 110,'1005', 30),
	(118, 1100, '1005', 100),
	(119, 1100, '1005', 250),
	(120, 1100, '1005', 30),
	(121, 110, '1005', 60),
	(122, 110, '1005', 120),
	(123, 1200, '1005', 365),
	(124, 120, '1007', 50),
	(125, 1200, '1007', 80),
	(126, 500, '1007', 150),
	(127, 10, '1007', 200),
	(128, 150, '1007', 300),
	(129, 126, '1007', 365),
	(130, 127, '1007', 45),
	(131, 128, '1007', 90),
	(132, 129, '1009', 180),
	(133, 130, '1009', 365),
	(134, 131, '1009', 25),
	(135, 132, '1009', 60),
	(136, 1330, '1009', 120),
	(137, 134, '1009', 200),
	(138, 135, '1011', 30),
	(139, 136, '1011', 75),
	(140, 1370, '1011', 150),
	(141, 138, '1011', 250),
	(142, 1390, '1011', 40),
	(143, 1400, '1011', 70),
	(144, 141, '1013', 100),
	(145, 1420, '1013', 180),
	(146, 1430, '1013', 250),
	(147, 1440, '1013', 365),
	(148, 145, '1013', 60),
	(149, 146, '1013', 120),
	(150, 147, '1013', 200),
	(151, 148, '1013', 365),
	(152, 149, '1013', 10),
	(153, 150, '1013', 30),
	(154, 151, '1013', 100),
	(155, 1520, '1013', 250),
	(156, 1530, '1013', 30),
	(157, 1540, '1013', 60),
	(158, 1550, '1013', 120),
	(159, 1560, '1015', 365),
	(160, 1570, '1015', 50),
	(161, 1580, '1015', 80),
	(162, 1590, '1015', 150),
	(163, 160, '1015', 200),
	(164, 161, '1015', 300),
	(165, 1620, '1015', 365),
	(166, 163, '1015', 45),
	(167, 164, '1015', 90),
	(168, 165, '1015', 180),
	(169, 166, '1015', 365),
	(170, 1670, '1015', 25),
	(171, 168, '1015', 60),
	(172, 1690, '1015', 120),
	(173, 170, '1015', 200),
	(174, 1710, '1015', 30),
	(175, 172, '1015', 75),
	(176, 173, '1015', 150),
	(177, 1740, '1015', 250),
	(178, 1750, '1015', 40),
	(179, 176, '1017', 70),
	(180, 1770, '1017', 100),
	(181, 1780, '1017', 180),
	(182, 1790, '1017', 250),
	(183, 180, '1017', 365),
	(184, 1810, '1017', 60),
	(185, 182, '1017', 120),
	(186, 183, '1017', 200),
	(187, 100, '1017', 365),
	(188, 1850, '1019', 10),
	(189, 100, '1019', 30),
	(190, 10, '1019', 100),
	(191, 188, '1019', 250),
	(192, 189, '1019', 30),
	(193, 190, '1019', 60),
	(194, 1000, '1019', 120),
	(195, 2000, '1019', 365),
	(196, 3000, '1019', 50),
	(197, 4000, '1019', 80),
	(198, 5000, '1019', 150),
	(199, 1960, '1019', 200),
	(200, 1000, '1019', 300);

CREATE TABLE sales_product (
    sales_product_id INT PRIMARY KEY,
    quantitySold INTEGER NOT NULL,
    sale_id INTEGER,
    product_id CHAR(4),
    CONSTRAINT SALES_PRODUCT_SALE_FK FOREIGN KEY (sale_id)
        REFERENCES sale (sale_id),
    CONSTRAINT SALES_PRODUCT_PRODUCT_FK FOREIGN KEY (product_id)
        REFERENCES product (product_id)
);
INSERT INTO SALES_PRODUCT VALUES
	(1, 2, 12, '1106'),
	(2, 2, 101, '1145'),
	(3, 3, 56, '1115'),
	(4, 7, 167, '1122'),
	(5, 2, 87, '1149'),
	(6, 2, 45, '1103'),
	(7, 3, 178, '1127'),
	(8, 7, 32, '1114'),
	(9, 2, 71, '1147'),
	(10, 2, 199, '1138'),
	(11, 3, 72, '1110'),
	(12, 7, 104, '1131'),
	(13, 2, 155, '1126'),
	(14, 2, 87, '1104'),
	(15, 3, 25, '1144'),
	(16, 7, 53, '1120'),
	(17, 2, 100, '1107'),
	(18, 2, 69, '1118'),
	(19, 3, 146, '1105'),
	(20, 7, 18, '1139'),
	(21, 2, 167, '1137'),
	(22, 2, 42, '1101'),
	(23, 3, 88, '1132'),
	(24, 7, 74, '1109'),
	(25, 2, 49, '1111'),
	(26, 2, 11, '1125'),
	(27, 3, 33, '1128'),
	(28, 7, 176, '1113'),
	(29, 2, 78, '1117'),
	(30, 2, 150, '1143'),
	(31, 3, 69, '1121'),
	(32, 7, 83, '1136'),
	(33, 2, 127, '1135'),
	(34, 2, 199, '1148'),
	(35, 3, 143, '1145'),
	(36, 7, 10, '1129'),
	(37, 2, 187, '1102'),
	(38, 2, 55, '1146'),
	(39, 3, 189, '1108'),
	(40, 7, 152, '1116'),
	(41, 2, 31, '1133'),
	(42, 2, 88, '1119'),
	(43, 3, 95, '1112'),
	(44, 7, 62, '1123'),
	(45, 2, 124, '1130'),
	(46, 2, 55, '1140'),
	(47, 3, 67, '1124'),
	(48, 7, 178, '1134'),
	(49, 2, 74, '1147'),
	(50, 2, 163, '1107'),
	(51, 3, 11, '1120'),
	(52, 7, 99, '1129'),
	(53, 2, 123, '1137'),
	(54, 2, 54, '1102'),
	(55, 3, 76, '1147'),
	(56, 7, 47, '1115'),
	(57, 2, 16, '1125'),
	(58, 2, 186, '1106'),
	(59, 3, 109, '1140'),
	(60, 7, 34, '1111'),
	(61, 2, 62, '1123'),
	(62, 2, 185, '1106'),
	(63, 3, 153, '1114'),
	(64, 7, 67, '1119'),
	(65, 2, 99, '1108'),
	(66, 2, 178, '1137'),
	(67, 3, 48, '1114'),
	(68, 7, 26, '1106'),
	(69, 2, 190, '1124'),
	(70, 2, 71, '1102'),
	(71, 3, 15, '1136'),
	(72, 7, 153, '1123'),
	(73, 2, 87, '1109'),
	(74, 2, 19, '1144'),
	(75, 3, 105, '1121'),
	(76, 7, 11, '1113'),
	(77, 2, 62, '1132'),
	(78, 2, 189, '1119'),
	(79, 3, 178, '1143'),
	(80, 7, 43, '1112'),
	(81, 2, 112, '1126'),
	(82, 2, 54, '1104'),
	(83, 3, 87, '1149'),
	(84, 7, 90, '1129'),
	(85, 2, 31, '1105'),
	(86, 2, 101, '1138'),
	(87, 3, 23, '1118'),
	(88, 7, 67, '1108'),
	(89, 2, 124, '1132'),
	(90, 2, 45, '1120'),
	(91, 3, 89, '1135'),
	(92, 7, 109, '1109'),
	(93, 2, 11, '1141'),
	(94, 2, 167, '1114'),
	(95, 3, 71, '1145'),
	(96, 7, 22, '1116'),
	(97, 2, 153, '1128'),
	(98, 2, 100, '1109'),
	(99, 3, 143, '1139'),
	(100, 7, 74, '1103'),
	(101, 2, 19, '1124'),
	(102, 2, 56, '1110'),
	(103, 3, 67, '1129'),
	(104, 7, 87, '1104'),
	(105, 2, 185, '1138'),
	(106, 2, 42, '1117'),
	(107, 3, 56, '1102'),
	(108, 7, 99, '1121'),
	(109, 2, 25, '1107'),
	(110, 2, 101, '1134'),
	(111, 3, 87, '1112'),
	(112, 7, 78, '1141'),
	(113, 2, 155, '1119'),
	(114, 2, 48, '1101'),
	(115, 3, 88, '1121'),
	(116, 7, 105, '1144'),
	(117, 2, 23, '1117'),
	(118, 2, 143,'1108'),
	(119, 3, 15, '1136'),
	(120, 7, 90, '1105'),
	(121, 2, 67, '1146'),
	(122, 2, 190, '1108'),
	(123, 3, 71, '1115'),
	(124, 7, 99, '1127'),
	(125, 2, 45, '1111'),
	(126, 3, 178, '1135'),
	(127, 7, 22, '1107'),
	(128, 2, 112, '1122'),
	(129, 2, 19, '1104'),
	(130, 3, 87, '1148'),
	(131, 7, 153, '1112'),
	(132, 2, 99, '1123'),
	(133, 2, 71, '1105'),
	(134, 3, 23, '1143'),
	(135, 7, 67, '1108'),
	(136, 2, 124, '1128'),
	(137, 2, 31, '1115'),
	(138, 3, 56, '1137'),
	(139, 7, 87, '1109'),
	(140, 2, 178, '1125'),
	(141, 2, 101, '1107'),
	(142, 3, 15, '1128'),
	(143, 7, 99, '1113'),
	(144, 2, 153, '1134'),
	(145, 2, 56, '1106'),
	(146, 3, 67, '1119'),
	(147, 7, 105, '1140'),
	(148, 2, 23, '1111'),
	(149, 2, 185, '1132'),
	(150, 3, 71, '1104'),
	(151, 7, 22, '1118'),
	(152, 2, 45, '1136'),
	(153, 2, 155, '1109'),
	(154, 3, 87, '1122'),
	(155, 7, 99, '1106'),
	(156, 2, 19, '1129'),
	(157, 2, 48, '1106'),
	(158, 3, 88, '1129'),
	(159, 7, 90, '1114'),
	(160, 2, 67, '1137'),
	(161, 2, 190, '1109'),
	(162, 3, 71, '1116'),
	(163, 7, 99, '1133'),
	(164, 2, 112, '1117'),
	(165, 2, 42, '1104'),
	(166, 3, 56, '1113'),
	(167, 7, 87, '1145'),
	(168, 2, 178, '1118'),
	(169, 2, 101, '1103'),
	(170, 3, 15, '1126'),
	(171, 7, 99, '1111'),
	(172, 2, 153, '1129'),
	(173, 2, 54, '1107'),
	(174, 3, 67, '1121'),
	(175, 7, 105, '1144'),
	(176, 2, 23, '1112'),
	(177, 2, 185, '1122'),
	(178, 3, 71, '1107'),
	(179, 7, 22, '1118'),
	(180, 2, 45, '1139'),
	(181, 2, 124, '1115'),
	(182, 3, 178, '1134'),
	(183, 7, 99, '1104'),
	(184, 2, 67, '1128'),
	(185, 2, 31, '1114'),
	(186, 3, 88, '1137'),
	(187, 7, 90, '1120'),
	(188, 2, 56, '1139'),
	(189, 2, 190, '1118'),
	(190, 3, 71, '1120'),
	(191, 7, 99, '1110'),
	(192, 2, 112, '1121'),
	(193, 2, 42, '1106'),
	(194, 3, 56, '1115'),
	(195, 7, 87, '1146'),
	(196, 2, 178, '1119'),
	(197, 2, 101, '1104'),
	(198, 3, 15, '1127'),
	(199, 7, 99, '1112'),
	(200, 2, 153, '1130'),
	(201, 2, 54, '1108'),
	(202, 3, 67, '1122'),
	(203, 7, 105, '1145'),
	(204, 2, 23, '1113'),
	(205, 2, 185, '1123'),
	(206, 3, 71, '1108'),
	(207, 7, 22, '1119'),
	(208, 2, 45, '1140'),
	(209, 2, 124, '1116'),
	(210, 3, 178, '1135'),
	(211, 7, 99, '1105'),
	(212, 2, 67, '1129'),
	(213, 2, 31, '1115'),
	(214, 3, 88, '1138'),
	(215, 7, 90, '1121'),
	(216, 2, 56, '1140'),
	(217, 2, 190, '1119'),
	(218, 3, 71, '1126'),
	(219, 7, 99, '1111'),
	(220, 2, 112, '1122'),
	(221, 2, 42, '1107'),
	(222, 3, 56, '1116'),
	(223, 7, 87, '1147'),
	(224, 2, 178, '1120'),
	(225, 2, 101, '1105'),
	(226, 3, 15, '1128'),
	(227, 7, 99, '1113'),
	(228, 2, 153, '1131'),
	(229, 2, 54, '1109'),
	(230, 3, 67, '1123'),
	(231, 7, 105, '1146'),
	(232, 2, 23, '1114'),
	(233, 2, 185, '1124'),
	(234, 3, 71, '1109'),
	(235, 7, 22, '1120'),
	(236, 2, 45, '1141'),
	(237, 2, 124, '1117'),
	(238, 3, 178, '1136'),
	(239, 7, 99, '1106'),
	(240, 2, 67, '1130'),
	(241, 2, 31, '1116'),
	(242, 3, 88, '1139'),
	(243, 7, 90, '1122'),
	(244, 2, 56, '1141'),
	(245, 2, 190, '1120'),
	(246, 3, 71, '1127'),
	(247, 7, 99, '1114'),
	(248, 2, 72, '1114'),
	(249, 2, 112, '1123'),
	(250, 2, 42, '1108'),
	(251, 3, 56, '1117'),
	(252, 7, 87, '1148'),
	(253, 2, 178, '1121'),
	(254, 2, 101, '1106'),
	(255, 3, 15, '1129'),
	(256, 7, 99, '1115'),
	(257, 2, 153, '1132'),
	(258, 2, 54, '1110'),
	(259, 3, 67, '1124'),
	(260, 7, 105, '1147'),
	(261, 2, 23, '1115'),
	(262, 2, 185, '1125'),
	(263, 3, 71, '1110'),
	(264, 7, 22, '1121'),
	(265, 2, 45, '1142'),
	(266, 2, 124, '1118'),
	(267, 3, 178, '1137'),
	(268, 7, 99, '1107'),
	(269, 2, 67, '1131'),
	(270, 2, 31, '1117'),
	(271, 3, 88, '1140'),
	(272, 7, 90, '1123'),
	(273, 2, 56, '1142'),
	(274, 2, 190, '1121'),
	(275, 3, 71, '1128'),
	(276, 7, 99, '1116'),
	(277, 2, 112, '1124'),
	(278, 2, 42, '1109'),
	(279, 3, 56, '1118'),
	(280, 7, 87, '1149'),
	(281, 2, 178, '1122'),
	(282, 2, 101, '1107'),
	(283, 3, 15, '1130'),
	(284, 7, 99, '1117'),
	(285, 2, 153, '1133'),
	(286, 2, 54, '1111'),
	(287, 3, 67, '1125'),
	(288, 7, 105, '1148'),
	(289, 2, 23, '1116'),
	(290, 2, 185, '1126'),
	(291, 3, 71, '1111'),
	(292, 7, 22, '1122'),
	(293, 2, 45, '1143'),
	(294, 2, 124, '1119'),
	(295, 3, 178, '1138'),
	(296, 7, 99, '1108'),
	(297, 2, 67, '1132'),
	(298, 2, 31, '1118'),
	(299, 3, 88, '1141'),
	(300, 3, 200, '1121');  
    